{
    "accuracy": 0.6862139917695473,
    "precision": {
        "ARTS": 0.5,
        "BLACK VOICES": 0.3125,
        "BUSINESS": 0.52,
        "COMEDY": 0.36363636363636365,
        "CRIME": 0.6170212765957447,
        "DIVORCE": 0.75,
        "EDUCATION": 0.38095238095238093,
        "ENTERTAINMENT": 0.6862745098039216,
        "ENVIRONMENT": 0.6956521739130435,
        "FOOD": 0.7411764705882353,
        "HOME & LIVING": 0.6956521739130435,
        "IMPACT": 0.43333333333333335,
        "LATINO VOICES": 0.5714285714285714,
        "MEDIA": 0.45454545454545453,
        "PARENTING": 0.751937984496124,
        "POLITICS": 0.8481481481481481,
        "QUEER VOICES": 0.8043478260869565,
        "RELIGION": 0.3611111111111111,
        "SCIENCE": 0.6956521739130435,
        "SPORTS": 0.8653846153846154,
        "STYLE": 0.7410071942446043,
        "TECH": 0.3333333333333333,
        "TRAVEL": 0.7619047619047619,
        "U.S. NEWS": 0.0,
        "WEDDINGS": 0.7272727272727273,
        "WELLNESS": 0.9166666666666666,
        "WOMEN": 0.3333333333333333,
        "WORLDPOST": 0.7850467289719626
    },
    "recall": {
        "ARTS": 0.46511627906976744,
        "BLACK VOICES": 0.5952380952380952,
        "BUSINESS": 0.3561643835616438,
        "COMEDY": 0.5714285714285714,
        "CRIME": 0.7073170731707317,
        "DIVORCE": 0.7692307692307693,
        "EDUCATION": 0.64,
        "ENTERTAINMENT": 0.621301775147929,
        "ENVIRONMENT": 0.64,
        "FOOD": 0.8513513513513513,
        "HOME & LIVING": 0.6956521739130435,
        "IMPACT": 0.38235294117647056,
        "LATINO VOICES": 0.5714285714285714,
        "MEDIA": 0.5172413793103449,
        "PARENTING": 0.7578125,
        "POLITICS": 0.7024539877300614,
        "QUEER VOICES": 0.6727272727272727,
        "RELIGION": 0.6842105263157895,
        "SCIENCE": 0.64,
        "SPORTS": 0.8823529411764706,
        "STYLE": 0.824,
        "TECH": 0.42857142857142855,
        "TRAVEL": 0.735632183908046,
        "U.S. NEWS": 0.0,
        "WEDDINGS": 0.8571428571428571,
        "WELLNESS": 0.7366071428571429,
        "WOMEN": 0.3939393939393939,
        "WORLDPOST": 0.8571428571428571
    }
}